Time,Conc.
0.5,13.3832747
1,14.5892801
2,12.89399644
4,10.54228922
6,9.084541734
