Time,Conc.
8,1.794972399
15,1.416232699
22,1.206831521
29,0.948184924
36,0.879424233
42,0.777468987
49,0.803522235
58,0.582020299
65,0.558911607
72,0.485912425
