Time,Conc.
1,36.87333179
8,20.16169097
15,18.58751832
22,10.69806372
31,11.16940523
41,8.112319679
50,7.747743578
57,7.195942297
66,6.088328319
76,7.767646378
85,4.24546787
