Time,Conc.
1,0.188514183
8,0.496000074
15,0.912538933
22,1.309133965
31,1.515838482
41,1.707520825
50,1.882956764
57,2.029766732
66,2.160327822
76,2.277105808
85,2.378876459
