Time (days),CA (ug/ml)
1,3.944625407
8,3.055374593
15,2.530944625
22,2.074918567
36,1.641693811
50,1.504885993
64,1.299674267
141,0.342019544
