Time (days),CL (ug/g)
1,11.14549655
8,11.60316962
15,10.4394756
22,10.82877576
36,7.108263042
50,6.516648475
64,5.353976367
141,2.076948801
