Time (days),Ck (ug/g)
1,0.843648208
8,0.615635179
15,0.615635179
22,0.524429967
36,0.38762215
50,0.319218241
64,0.319218241
141,0.114006515
