Time (days),Curine (%dose)
1,0.525569065
8,0.966736463
15,1.239070134
22,1.501453338
36,1.790609029
50,2.165422718
64,2.358116628
141,2.400274683
