Time (days),CA (ug/ml)
1,59.47259395
8,55.16654362
15,61.16240064
22,43.90164357
36,28.98296216
50,26.02481489
64,24.06299055
141,4.632184814
