Time (days),CL (ug/g)
1,183.0610767
8,132.5761757
15,119.3017855
22,148.8857669
36,81.47520303
50,69.87807588
64,61.27099267
141,21.24246486
