Time (days),Ck (ug/g)
1,14.95452037
8,7.658426096
15,9.666841083
22,4.368051723
36,4.730025159
50,4.09746762
64,5.124970433
141,0.644384394
