Time (days),Curine (%dose)
1,0.362650602
8,0.651807229
15,0.902409639
22,1.015662651
36,1.11686747
50,1.207228916
64,1.377108434
141,1.428915663
