Time,Curine
1,0.045416412
2,0.077163112
7,0.122556192
14,0.197681948
21,0.245293991
28,0.309070659
42,0.346609496
56,0.394470593
70,0.436104189
105,0.463999843
