Time (days),Plasma conc. (Ug/ml)
7,1.003046115
14,0.009936068
28,2.516309347
42,3.525813906
56,4.033547006
84,5.05249083
112,9.565949945
140,10.21
168,11.60284399
182,12.1120675
